{"cameraMode":{"drawMode":0,"name":"Shaded","section":"Shading Mode"},"sceneLighting":false,"audioPlay":false,"sceneViewState":{"m_AlwaysRefresh":false,"showFog":true,"showSkybox":false,"showFlares":true,"showImageEffects":true,"showParticleSystems":true,"showVisualEffectGraphs":true,"m_FxEnabled":true},"in2DMode":false,"pivot":{"x":1.6591055393218995,"y":0.46211594343185427,"z":1.5810997486114503},"rotation":{"x":0.04100647568702698,"y":0.9411911964416504,"z":-0.12382416427135468,"w":0.31169310212135317},"size":1.7660253047943116,"orthographic":false}