{"cameraMode":{"drawMode":0,"name":"Shaded","section":"Shading Mode"},"sceneLighting":false,"audioPlay":false,"sceneViewState":{"m_AlwaysRefresh":false,"showFog":true,"showSkybox":false,"showFlares":true,"showImageEffects":true,"showParticleSystems":true,"showVisualEffectGraphs":true,"m_FxEnabled":true},"in2DMode":false,"pivot":{"x":-0.1390988826751709,"y":0.562117338180542,"z":1.0596290826797486},"rotation":{"x":-0.013741458766162396,"y":0.9850789308547974,"z":-0.1431516408920288,"w":-0.09455985575914383},"size":0.5660253763198853,"orthographic":false}